Domain,Status,Attractiveness,Demand,Length,Sectors,Created,Expires,Registrar
brief.lawyer,available,124,19%,5,"Business,Education,General,Law",,,
complete.lawyer,available,120,21%,8,"Manufacturing,Retail,Technology",,,
second.lawyer,available,120,23%,6,"General,Mathematics",,,
equal.lawyer,available,116,19%,5,"Education,General,Law",,,
flat.lawyer,available,116,23%,4,"Construction,Real Estate",,,
tenth.lawyer,available,116,7%,5,Mathematics,,,
tonic.lawyer,available,114,22%,5,"Health and Fitness,Medicine,Science",,,
acute.lawyer,available,112,9%,5,"Mathematics,Medicine,Science",,,
hotshot.lawyer,available,112,14%,7,"Business,Entertainment,Sports",,,
above.lawyer,available,112,22%,5,Business,,,
zero.lawyer,available,112,49%,4,Mathematics,,,
abstract.lawyer,available,108,29%,8,"Arts,Humanities,Science",,,
abiding.lawyer,available,106,5%,7,"General,Religion",,,
expert.lawyer,available,104,26%,6,"Business,Education,Technology",,,
teen.lawyer,available,104,14%,4,"Education,Entertainment,Healthcare",,,
active.lawyer,available,104,27%,6,"Health and Fitness,Sports,Travel",,,
eight.lawyer,available,102,23%,5,"General,Mathematics",,,
absent.lawyer,available,102,8%,6,"Business,Education,Technology",,,
captive.lawyer,available,102,14%,7,"Entertainment,Hospitality,Technology",,,
crack.lawyer,available,100,20%,5,Sports,,,
adjunct.lawyer,available,100,5%,7,Education,,,
ninth.lawyer,available,100,9%,5,Mathematics,,,
remove.lawyer,available,100,13%,6,"Construction,Manufacturing,Technology",,,
third.lawyer,available,100,15%,5,Mathematics,,,
abrupt.lawyer,available,100,3%,6,"Medicine,Science",,,
sixth.lawyer,available,100,8%,5,Mathematics,,,
whiz.lawyer,available,100,12%,4,"Business,Education,Technology",,,
eighth.lawyer,available,100,6%,6,Mathematics,,,
whizz.lawyer,available,98,11%,5,"Business,Education,Technology",,,
genius.lawyer,available,98,46%,6,"Arts,Education,Technology",,,
academic.lawyer,available,96,20%,8,"Education,Humanities,Science",,,
doable.lawyer,available,96,9%,6,"Business,Education,Technology",,,
alamode.lawyer,available,96,12%,9,Fashion,,,
forgiving.lawyer,available,96,3%,9,"Healthcare,Religion",,,
actual.lawyer,available,96,22%,6,"Real Estate,Retail,Technology",,,
virtuoso.lawyer,available,94,16%,8,"Arts,Entertainment",,,
around.lawyer,available,94,22%,6,"Business,General,Media,Technology",,,
about.lawyer,available,94,28%,5,"Business,General,Media,Technology",,,
adequate.lawyer,available,94,9%,8,"Education,Healthcare,Technology",,,
abject.lawyer,available,94,7%,6,Humanities,,,
twentieth.lawyer,available,92,3%,9,Mathematics,,,
exemplary.lawyer,available,92,5%,9,"Business,Education,Healthcare",,,
derelict.lawyer,available,92,7%,8,"Construction,Real Estate",,,
next.lawyer,available,92,43%,4,"Retail,Technology,Transportation",,,
neutral.lawyer,available,92,20%,7,"Business,Media,Politics",,,
adept.lawyer,available,92,24%,5,"Education,Health and Fitness,Sports",,,
abroad.lawyer,available,92,12%,6,"Hospitality,Travel",,,
adjective.lawyer,available,92,5%,9,Education,,,
nought.lawyer,available,92,4%,6,Mathematics,,,
additional.lawyer,available,90,8%,10,"Fashion,Retail,Technology",,,
addictive.lawyer,available,90,9%,9,Healthcare,,,
adoring.lawyer,available,90,2%,7,"Entertainment,Fashion,Retail",,,
leash.lawyer,available,90,7%,5,"General,Health and Fitness,Retail",,,
riveting.lawyer,available,90,6%,8,"Entertainment,Media,Technology",,,
endearing.lawyer,available,90,1%,9,"Entertainment,Fashion,Retail",,,
clear.lawyer,expiring,90,47%,5,"Manufacturing,Retail,Technology",09/09/2020 21:37,09/09/2025 21:37,Squarespace Domains II LLC
abortive.lawyer,available,90,1%,8,"Medicine,Science",,,
gripping.lawyer,available,90,3%,8,"Entertainment,Media,Technology",,,
twelve.lawyer,available,88,18%,6,"General,Mathematics",,,
proficient.lawyer,available,88,8%,10,"Education,Health and Fitness,Sports",,,
hundred.lawyer,available,88,13%,7,Mathematics,,,
ten.lawyer,available,88,27%,3,"General,Mathematics",,,
eleven.lawyer,available,88,32%,6,Mathematics,,,
activist.lawyer,available,88,12%,8,"Humanities,Politics",,,
three.lawyer,available,88,23%,5,Mathematics,,,
adlib.lawyer,available,88,7%,6,Entertainment,,,
ace.lawyer,available,88,34%,3,Sports,,,
sixteen.lawyer,available,88,10%,7,Mathematics,,,
actionable.lawyer,available,88,13%,10,"Business,Law",,,
wide.lawyer,available,88,18%,4,"Business,Media,Technology",,,
fifteen.lawyer,available,88,13%,7,Mathematics,,,
extempore.lawyer,available,86,3%,9,Entertainment,,,
xix.lawyer,available,86,10%,3,Mathematics,,,
recondite.lawyer,available,86,4%,9,"Arts,Humanities,Science",,,
attendant.lawyer,available,86,5%,9,"Healthcare,Hospitality,Transportation",,,
engrossing.lawyer,available,86,0%,10,"Entertainment,Media,Technology",,,
intent.lawyer,available,86,25%,6,"Business,Education,Technology",,,
adolescent.lawyer,available,86,3%,10,"Education,Entertainment,Healthcare",,,
xiv.lawyer,available,86,12%,3,Mathematics,,,
aboriginal.lawyer,available,86,10%,10,Humanities,,,
star.lawyer,available,86,40%,4,"Entertainment,Media,Sports",,,
sharp.lawyer,available,84,34%,5,"Arts,Fashion",,,
nineteen.lawyer,available,84,8%,8,Mathematics,,,
thirteen.lawyer,available,84,10%,8,Mathematics,,,
grand.lawyer,available,84,25%,5,"Finance,General",,,
twentytwo.lawyer,available,84,10%,10,Mathematics,,,
fourteen.lawyer,available,84,8%,8,Mathematics,,,
adjustable.lawyer,available,84,3%,10,"Manufacturing,Retail,Technology",,,
thousand.lawyer,available,84,8%,8,Mathematics,,,
deviate.lawyer,available,84,12%,7,"Medicine,Science",,,
accessory.lawyer,available,84,8%,9,"Fashion,Retail,Technology",,,
twentyone.lawyer,available,84,13%,10,Mathematics,,,
seventeen.lawyer,available,84,7%,9,Mathematics,,,
fivesome.lawyer,available,82,1%,8,Sports,,,
good.lawyer,available,82,47%,4,"Food and Beverage,General,Health and Fitness,Retail",,,
altered.lawyer,available,82,9%,7,"Medicine,Science",,,
abroach.lawyer,available,82,1%,7,Food and Beverage,,,
decade.lawyer,available,82,10%,6,Mathematics,,,
cleansing.lawyer,available,82,3%,9,Health and Fitness,,,
impromptu.lawyer,available,82,16%,9,Entertainment,,,
abdominal.lawyer,available,82,1%,9,"Health and Fitness,Medicine",,,
abenaki.lawyer,available,82,2%,7,Geography,,,
abkhaz.lawyer,available,82,1%,6,Geography,,,
enduring.lawyer,available,82,9%,8,"Health and Fitness,Religion",,,
dozen.lawyer,available,82,10%,5,Mathematics,,,
absorbent.lawyer,available,82,3%,9,"Healthcare,Manufacturing,Retail",,,
capable.lawyer,available,80,12%,7,"Business,Education,Technology",,,
adoptable.lawyer,available,80,3%,9,"Education,Healthcare",,,
first.lawyer,available,80,34%,5,"General,Mathematics",,,
wiz.lawyer,available,80,30%,3,"Business,Education,Technology",,,
twenty.lawyer,available,80,12%,6,Mathematics,,,
sequent.lawyer,available,80,7%,7,"Healthcare,Insurance,Transportation",,,
absurd.lawyer,available,80,16%,6,"Arts,Entertainment,Media",,,
absolute.lawyer,available,80,25%,8,"Engineering,Mathematics,Science",,,
nine.lawyer,available,80,24%,4,"General,Mathematics",,,
yard.lawyer,available,80,25%,4,"Construction,General",,,
seventh.lawyer,available,80,10%,7,Mathematics,,,
abundant.lawyer,available,80,19%,8,"Agriculture,Manufacturing,Retail",,,
worshipful.lawyer,available,80,1%,10,"Education,Healthcare,Religion",,,
able.lawyer,available,80,29%,4,"Business,Education,General,Technology",,,
absorbable.lawyer,available,80,0%,10,"Healthcare,Pharmaceuticals,Science",,,
trio.lawyer,available,80,21%,4,Entertainment,,,
two.lawyer,available,80,23%,3,Mathematics,,,
dorsal.lawyer,available,80,6%,6,"Medicine,Science",,,
forty.lawyer,available,80,9%,5,Mathematics,,,
accepted.lawyer,available,78,6%,8,"Business,Education,Technology",,,
accessible.lawyer,available,78,21%,10,"Healthcare,Retail,Technology",,,
honestly.lawyer,available,78,9%,8,"Business,Law",,,
twentysix.lawyer,available,78,8%,10,Mathematics,,,
athletic.lawyer,available,78,15%,8,"Health and Fitness,Sports",,,
recognized.lawyer,available,78,3%,10,"Business,Education,Technology",,,
acceptable.lawyer,available,78,5%,10,"Business,Hospitality,Retail",,,
sixtynine.lawyer,available,78,8%,10,Mathematics,,,
adrenal.lawyer,available,78,4%,7,"Education,Healthcare,Science",,,
dormant.lawyer,available,78,4%,7,"Medicine,Science",,,
abounding.lawyer,available,78,2%,9,Agriculture,,,
abkhazian.lawyer,available,78,1%,9,Geography,,,
low.lawyer,available,78,20%,3,"Business,Finance",,,
accidental.lawyer,available,78,11%,10,"Healthcare,Insurance,Transportation",,,
acceptant.lawyer,available,78,1%,9,"Education,Healthcare",,,
adjacent.lawyer,available,78,9%,8,"Construction,Real Estate,Retail",,,
recognised.lawyer,available,78,3%,10,"Business,Education,Technology",,,
absorptive.lawyer,available,78,1%,10,"Healthcare,Manufacturing,Retail",,,
abkhasian.lawyer,available,78,1%,9,Geography,,,
adorable.lawyer,available,78,8%,8,"Entertainment,Fashion,Retail",,,
accurate.lawyer,resell,78,16%,8,"Engineering,Mathematics,Science",10/02/2025 04:15,10/02/2026 04:15,Dynadot Inc
ventral.lawyer,available,76,3%,7,Science,,,
fifteenth.lawyer,available,76,2%,9,Mathematics,,,
adipose.lawyer,available,76,2%,7,"Healthcare,Science",,,
obscene.lawyer,available,76,5%,7,"Entertainment,Media",,,
acoustic.lawyer,available,76,14%,8,Science,,,
thousandth.lawyer,available,76,1%,10,Mathematics,,,
hundredth.lawyer,available,76,1%,9,Mathematics,,,
firstrate.lawyer,available,76,6%,10,Business,,,
adaptable.lawyer,available,76,9%,9,"Business,Education,Technology",,,
resultant.lawyer,available,76,2%,9,"Healthcare,Insurance,Transportation",,,
incidental.lawyer,available,76,4%,10,"Healthcare,Insurance,Transportation",,,
ague.lawyer,available,76,2%,4,"Geography,Medicine,Science",,,
adhesive.lawyer,available,76,7%,8,"Construction,Manufacturing,Technology",,,
abrasive.lawyer,available,76,6%,8,"Construction,Manufacturing",,,
ancillary.lawyer,available,76,6%,9,"Healthcare,Manufacturing,Technology",,,
improvise.lawyer,available,76,4%,9,Entertainment,,,
adaptive.lawyer,available,76,28%,8,"Business,Education,Technology",,,
nineteenth.lawyer,available,76,3%,10,Mathematics,,,
thirteenth.lawyer,available,76,3%,10,Mathematics,,,
energizing.lawyer,available,76,3%,10,"Food and Beverage,Health and Fitness,Travel",,,
eighteen.lawyer,available,76,7%,8,Mathematics,,,
fourteenth.lawyer,available,76,2%,10,Mathematics,,,
auxiliary.lawyer,available,76,7%,9,"Healthcare,Manufacturing,Technology",,,
threed.lawyer,available,76,7%,7,Technology,,,
adherent.lawyer,available,76,4%,8,"Politics,Religion",,,
addable.lawyer,available,76,2%,7,"Engineering,Mathematics,Science",,,
acuate.lawyer,available,74,2%,6,"Engineering,Medicine,Science",,,
adenoid.lawyer,available,74,1%,7,"Health and Fitness,Medicine,Science",,,
admirable.lawyer,available,74,5%,9,"Business,Education,Healthcare",,,
sensation.lawyer,available,74,7%,9,"Entertainment,Media,Sports",,,
playing.lawyer,available,74,12%,7,Entertainment,,,
adrenergic.lawyer,available,74,1%,10,"Education,Healthcare,Science",,,
aberrant.lawyer,available,74,6%,8,"Medicine,Science",,,
supra.lawyer,available,74,25%,5,"Medicine,Science",,,
abnormal.lawyer,available,74,16%,8,"Medicine,Science",,,
realizable.lawyer,available,74,1%,10,"Business,Education,Technology",,,
achievable.lawyer,available,74,4%,10,"Business,Education,Technology",,,
skilful.lawyer,available,74,3%,7,"Education,Health and Fitness,Sports",,,
adapted.lawyer,available,74,6%,7,"Healthcare,Manufacturing,Technology",,,
accepting.lawyer,available,74,3%,9,"Education,Healthcare",,,
activated.lawyer,available,74,9%,9,"Healthcare,Manufacturing,Technology",,,
mavin.lawyer,available,74,7%,5,"Entertainment,Fashion,Technology",,,
adamant.lawyer,available,74,14%,7,Religion,,,
cleared.lawyer,available,74,7%,7,"Healthcare,Law,Transportation",,,
manageable.lawyer,available,74,4%,10,"Business,Education,Technology",,,
single.lawyer,available,74,19%,6,Sports,,,
deep.lawyer,resell,72,41%,4,"Engineering,Mathematics,Science",29/07/2024 11:08,29/07/2026 11:08,"Sav.com, LLC"
abloom.lawyer,available,72,5%,6,Agriculture,,,
addicted.lawyer,available,72,9%,8,Healthcare,,,
improvize.lawyer,available,72,1%,9,Entertainment,,,
sixtieth.lawyer,available,72,1%,8,Mathematics,,,
engrossed.lawyer,available,72,1%,9,"Entertainment,Media,Technology",,,
adonic.lawyer,available,72,2%,6,"Arts,Education,Entertainment",,,
accusative.lawyer,available,72,0%,10,"Humanities,Law",,,
seventieth.lawyer,available,72,1%,10,Mathematics,,,
adiabatic.lawyer,available,72,3%,9,"Engineering,Science",,,
adaptative.lawyer,available,72,1%,10,"Business,Education,Technology",,,
ablaze.lawyer,available,72,6%,6,Entertainment,,,
abreast.lawyer,available,72,2%,7,"Business,Technology",,,
trey.lawyer,available,72,13%,4,Sports,,,
trinity.lawyer,available,72,18%,7,Religion,,,
adjunctive.lawyer,available,72,1%,10,"Healthcare,Manufacturing,Technology",,,
aching.lawyer,available,72,4%,6,Healthcare,,,
ninetieth.lawyer,available,72,1%,9,Mathematics,,,
accustomed.lawyer,available,72,1%,10,"Business,Education,Humanities",,,
absorbed.lawyer,available,72,2%,8,"Entertainment,Media,Technology",,,
liv.lawyer,available,72,28%,3,Mathematics,,,
lovely.lawyer,available,72,26%,6,"Entertainment,Fashion,Retail",,,
eightieth.lawyer,available,72,1%,9,Mathematics,,,
existent.lawyer,available,72,3%,8,"Mathematics,Science",,,
champion.lawyer,available,72,28%,8,"Entertainment,Health and Fitness,Sports",,,
absolutist.lawyer,available,72,1%,10,"Humanities,Law,Politics",,,
ternary.lawyer,available,72,7%,7,Mathematics,,,
adjectival.lawyer,available,72,1%,10,Education,,,
practiced.lawyer,available,70,3%,9,"Education,Health and Fitness,Sports",,,
abradant.lawyer,available,70,1%,8,"Construction,Manufacturing",,,
acuminate.lawyer,available,70,1%,9,"Engineering,Medicine,Science",,,
recumbent.lawyer,available,70,2%,9,"Healthcare,Medicine,Science",,,
absorbing.lawyer,available,70,3%,9,"Entertainment,Media,Technology",,,
gymnastic.lawyer,available,70,3%,9,"Entertainment,Sports",,,
abulic.lawyer,available,70,1%,6,Medicine,,,
stillborn.lawyer,available,70,2%,9,"Medicine,Science",,,
consequent.lawyer,available,70,3%,10,"Business,Education,General,Technology",,,
miserable.lawyer,available,70,4%,9,Humanities,,,
adored.lawyer,available,70,6%,6,"Entertainment,Fashion,Retail",,,
skillful.lawyer,available,70,9%,8,"Education,Health and Fitness,Sports",,,
accumbent.lawyer,available,70,1%,9,"Healthcare,Medicine,Science",,,
adamantine.lawyer,available,70,4%,10,Religion,,,
offhand.lawyer,available,70,2%,7,Entertainment,,,
lowdown.lawyer,available,70,6%,8,"Entertainment,Media",,,
tiptop.lawyer,available,70,24%,6,Fashion,,,
admired.lawyer,available,70,5%,7,"Business,Education,Healthcare",,,
adjusted.lawyer,available,70,5%,8,"Manufacturing,Retail,Technology",,,
fortieth.lawyer,available,68,1%,8,Mathematics,,,
threesome.lawyer,available,68,5%,9,Entertainment,,,
overseas.lawyer,available,68,12%,8,"Hospitality,Travel",,,
octonary.lawyer,available,68,1%,8,Mathematics,,,
abkhas.lawyer,available,68,0%,6,Geography,,,
thirtieth.lawyer,available,68,1%,9,Mathematics,,,
decorated.lawyer,available,68,3%,9,"Entertainment,Fashion,Retail",,,
aroused.lawyer,available,68,3%,7,"Entertainment,Health and Fitness",,,
achaean.lawyer,available,68,2%,7,Humanities,,,
ablative.lawyer,available,68,3%,8,Science,,,
abducent.lawyer,available,68,0%,8,Medicine,,,
ennead.lawyer,available,68,5%,6,Mathematics,,,
activating.lawyer,available,68,3%,10,"Healthcare,Manufacturing,Technology",,,
abnaki.lawyer,available,68,1%,6,Geography,,,
ane.lawyer,available,68,12%,3,Mathematics,,,
sevener.lawyer,available,68,1%,7,Mathematics,,,
accredited.lawyer,available,68,9%,10,"Business,Education,Healthcare",,,
acerate.lawyer,available,68,1%,7,Science,,,
aculeate.lawyer,available,68,1%,8,"Engineering,Medicine,Science",,,
stygian.lawyer,available,68,5%,7,Humanities,,,
vindicated.lawyer,available,68,2%,10,"Humanities,Law,Politics",,,
septenary.lawyer,available,68,2%,9,Mathematics,,,
scurvy.lawyer,available,68,3%,6,Humanities,,,
achaian.lawyer,available,68,2%,7,Humanities,,,
aberdonian.lawyer,available,68,1%,10,Geography,,,
disciple.lawyer,available,68,14%,8,"Education,Religion",,,
foursome.lawyer,available,68,4%,8,Sports,,,
licensed.lawyer,available,68,5%,8,"Business,Healthcare,Insurance",,,
fiftieth.lawyer,available,68,1%,8,Mathematics,,,
licenced.lawyer,available,68,2%,8,"Business,Healthcare,Insurance",,,
clv.lawyer,available,66,10%,3,Mathematics,,,
six.lawyer,available,66,26%,3,Mathematics,,,
five.lawyer,available,66,26%,4,Mathematics,,,
tenner.lawyer,available,66,4%,6,Finance,,,
according.lawyer,available,66,3%,9,"Business,Education,Technology",,,
buzzing.lawyer,available,66,7%,7,"Entertainment,Media,Technology",,,
latest.lawyer,available,66,18%,6,Technology,,,
thirty.lawyer,available,66,7%,6,Mathematics,,,
acappella.lawyer,available,66,6%,10,Entertainment,,,
eighty.lawyer,available,66,6%,6,Mathematics,,,
xviii.lawyer,available,66,4%,5,Mathematics,,,
adorned.lawyer,available,66,5%,7,"Entertainment,Fashion,Retail",,,
onec.lawyer,available,66,6%,5,Mathematics,,,
xxii.lawyer,available,66,6%,4,Mathematics,,,
modish.lawyer,available,66,5%,6,Fashion,,,
xiii.lawyer,available,66,9%,4,Mathematics,,,
adopted.lawyer,available,66,4%,7,"Education,Healthcare",,,
accessary.lawyer,available,66,1%,9,"Business,Law,Technology",,,
xxv.lawyer,available,66,6%,3,Mathematics,,,
xvii.lawyer,available,66,5%,4,Mathematics,,,
fifty.lawyer,available,66,13%,5,Mathematics,,,
century.lawyer,available,66,17%,7,Education,,,
performing.lawyer,available,66,6%,10,Entertainment,,,
xvi.lawyer,available,66,4%,3,Mathematics,,,
xxi.lawyer,available,66,10%,3,Mathematics,,,
xxvi.lawyer,available,66,3%,4,Mathematics,,,
xii.lawyer,available,66,10%,3,Mathematics,,,
sextet.lawyer,available,66,2%,6,Entertainment,,,
four.lawyer,available,66,27%,4,Mathematics,,,
abstinent.lawyer,available,66,1%,9,"Health and Fitness,Religion",,,
acrobatic.lawyer,available,66,4%,9,"Entertainment,Sports",,,
exonerated.lawyer,available,66,2%,10,"Humanities,Law,Politics",,,
ninety.lawyer,available,66,11%,6,Mathematics,,,
teenager.lawyer,available,66,4%,8,"Education,Entertainment,Healthcare",,,
acervate.lawyer,available,66,1%,8,Science,,,
deuce.lawyer,available,66,8%,5,Sports,,,
deviant.lawyer,available,64,12%,7,"Medicine,Science",,,
adagio.lawyer,available,64,14%,6,Entertainment,,,
rising.lawyer,available,64,18%,6,"Construction,Manufacturing,Real Estate",,,
absolved.lawyer,available,64,1%,8,"Humanities,Law,Religion",,,
scatty.lawyer,available,64,1%,6,"Arts,Entertainment,Media",,,
aflame.lawyer,available,64,3%,6,Entertainment,,,
acentric.lawyer,available,64,2%,8,Science,,,
astringent.lawyer,available,64,1%,10,"Healthcare,Pharmaceuticals",,,
nondrinker.lawyer,available,64,1%,10,"Health and Fitness,Religion",,,
accordant.lawyer,available,64,3%,9,"Arts,Entertainment",,,
ccc.lawyer,available,64,38%,3,Mathematics,,,
nail.lawyer,available,62,16%,4,"Construction,Fashion,General,Retail",,,
accrued.lawyer,available,62,2%,7,"Banking,Finance,Insurance",,,
pungent.lawyer,available,62,1%,7,Food and Beverage,,,
orso.lawyer,available,62,9%,5,"Business,Media,Technology",,,
troika.lawyer,available,62,8%,6,Politics,,,
longdozen.lawyer,available,62,1%,10,Mathematics,,,
eleventh.lawyer,available,62,5%,8,Mathematics,,,
sixteenth.lawyer,available,62,1%,9,Mathematics,,,
activistic.lawyer,available,62,1%,10,"Humanities,Politics",,,
twodozen.lawyer,available,62,1%,9,Mathematics,,,
aborigine.lawyer,available,62,1%,9,Humanities,,,
accusing.lawyer,available,62,1%,8,Law,,,
acidic.lawyer,available,62,5%,6,"Food and Beverage,Science",,,
adoptive.lawyer,available,62,1%,8,"Education,Healthcare",,,
fortyfour.lawyer,available,62,6%,10,Mathematics,,,
chiliad.lawyer,available,62,2%,7,Mathematics,,,
cumulative.lawyer,available,62,2%,10,"Banking,Finance,Insurance",,,
exculpated.lawyer,available,62,1%,10,"Humanities,Law,Politics",,,
aufait.lawyer,available,62,3%,7,"Fashion,Media",,,
activation.lawyer,available,62,16%,10,"Healthcare,Manufacturing,Technology",,,
ensuant.lawyer,available,62,1%,7,"Healthcare,Insurance,Transportation",,,
abo.lawyer,available,62,15%,3,Science,,,
wrapped.lawyer,available,62,13%,7,"Fashion,Hospitality,Retail",,,
playacting.lawyer,available,62,1%,10,Entertainment,,,
quartet.lawyer,available,62,7%,7,"Arts,Entertainment",,,
admissible.lawyer,available,62,1%,10,"Education,Healthcare,Law",,,
eighteenth.lawyer,available,62,1%,10,Mathematics,,,
adjuvant.lawyer,available,62,5%,8,"Healthcare,Manufacturing,Technology",,,
roughly.lawyer,available,62,3%,7,"Business,Media,Technology",,,
cautionary.lawyer,available,60,1%,10,"Business,Education,Healthcare",,,
cxv.lawyer,available,60,4%,3,Mathematics,,,
cxxxv.lawyer,available,60,1%,5,Mathematics,,,
cxlv.lawyer,available,60,2%,4,Mathematics,,,
abashed.lawyer,available,60,1%,7,Humanities,,,
annexal.lawyer,available,60,1%,7,"Agriculture,Manufacturing,Retail",,,
sixty.lawyer,available,60,13%,5,Mathematics,,,
xcl.lawyer,available,60,5%,3,Mathematics,,,
paunchy.lawyer,available,60,0%,7,"Health and Fitness,Medicine",,,
cxxx.lawyer,available,60,3%,4,Mathematics,,,
acceptive.lawyer,available,60,1%,9,"Education,Healthcare",,,
octet.lawyer,available,60,12%,5,Arts,,,
clxxv.lawyer,available,60,1%,5,Mathematics,,,
idolised.lawyer,available,60,1%,8,"Entertainment,Fashion,Retail",,,
cxl.lawyer,available,60,7%,3,Mathematics,,,
adnate.lawyer,available,60,1%,6,"Agriculture,Manufacturing,Retail",,,
aboveboard.lawyer,available,60,5%,10,"Business,Law",,,
adnexal.lawyer,available,60,1%,7,"Agriculture,Manufacturing,Retail",,,
cxxv.lawyer,available,60,1%,4,Mathematics,,,
cxx.lawyer,available,60,9%,3,Mathematics,,,
eightysix.lawyer,available,60,7%,10,Mathematics,,,
abstainer.lawyer,available,60,0%,9,"Health and Fitness,Religion",,,
thou.lawyer,available,60,7%,4,Mathematics,,,
clxv.lawyer,available,60,1%,4,Mathematics,,,
idolized.lawyer,available,60,3%,8,"Entertainment,Fashion,Retail",,,
abstemious.lawyer,available,60,0%,10,"Food and Beverage,Health and Fitness,Hospitality",,,
tertiary.lawyer,available,60,4%,8,Education,,,
clxxx.lawyer,available,60,1%,5,Mathematics,,,
clx.lawyer,available,60,8%,3,Mathematics,,,
clxx.lawyer,available,60,2%,4,Mathematics,,,
tercet.lawyer,available,59,2%,6,"Arts,Entertainment,Media",,,
acetic.lawyer,available,58,1%,6,"Food and Beverage,Science",,,
addressed.lawyer,available,58,3%,9,"Business,Technology,Telecommunications",,,
octad.lawyer,available,58,5%,5,Mathematics,,,
cypher.lawyer,available,58,28%,6,Mathematics,,,
justabout.lawyer,available,58,3%,10,"Business,Media,Technology",,,
accretive.lawyer,available,58,6%,9,"Banking,Finance,Insurance",,,
offhanded.lawyer,available,58,1%,9,Entertainment,,,
lxxviii.lawyer,available,58,1%,7,Mathematics,,,
accented.lawyer,available,58,3%,8,"Arts,Entertainment",,,
sextuplet.lawyer,available,58,1%,9,Healthcare,,,
adjustive.lawyer,available,58,1%,9,"Manufacturing,Retail,Technology",,,
abandoned.lawyer,available,58,10%,9,"Construction,Real Estate",,,
accoutred.lawyer,available,58,1%,9,"Fashion,Manufacturing,Retail",,,
heptad.lawyer,available,58,2%,6,Mathematics,,,
closeto.lawyer,available,58,3%,8,"Business,Media,Technology",,,
addible.lawyer,available,58,2%,7,"Engineering,Mathematics,Science",,,
ache.lawyer,available,58,7%,4,Healthcare,,,
adient.lawyer,available,58,4%,6,"Medicine,Science",,,
eighter.lawyer,available,58,2%,7,Mathematics,,,
pentad.lawyer,available,58,3%,6,Mathematics,,,
actuarial.lawyer,available,58,8%,9,"Finance,Insurance,Mathematics",,,
super.lawyer,available,58,47%,5,Business,,,
abused.lawyer,available,58,5%,6,"Healthcare,Law",,,
acyclic.lawyer,available,58,4%,7,"Engineering,Mathematics,Science",,,
fourth.lawyer,available,58,13%,6,Mathematics,,,
sixtyone.lawyer,available,58,5%,9,Mathematics,,,
hexad.lawyer,available,58,5%,5,Mathematics,,,
abridged.lawyer,available,58,4%,8,Media,,,
tetrad.lawyer,available,58,5%,6,Mathematics,,,
seventy.lawyer,available,58,7%,7,Mathematics,,,
sixer.lawyer,available,58,5%,5,Sports,,,
aucourant.lawyer,available,58,3%,10,"Fashion,Media",,,
lxxx.lawyer,available,58,2%,4,Mathematics,,,
centesimal.lawyer,available,58,1%,10,Mathematics,,,
enwrapped.lawyer,available,58,0%,9,"Entertainment,Fashion,Media",,,
abuzz.lawyer,available,58,5%,5,"Entertainment,Media,Technology",,,
fourscore.lawyer,available,58,4%,9,Mathematics,,,
fifth.lawyer,available,58,12%,5,Mathematics,,,
quintet.lawyer,available,58,8%,7,"Arts,Entertainment",,,
twelfth.lawyer,available,58,2%,7,Mathematics,,,
seven.lawyer,available,58,35%,5,Mathematics,,,
niner.lawyer,available,58,5%,5,Mathematics,,,
linear.lawyer,available,58,22%,6,"Engineering,Mathematics,Science",,,
alacarte.lawyer,available,58,11%,10,Food and Beverage,,,
thirtyone.lawyer,available,56,4%,10,Mathematics,,,
fortytwo.lawyer,available,56,17%,9,Mathematics,,,
abeyant.lawyer,available,56,1%,7,"Business,Law",,,
admittable.lawyer,available,56,1%,10,"Education,Healthcare,Hospitality",,,
xlvi.lawyer,available,56,3%,4,Mathematics,,,
lvii.lawyer,available,56,2%,4,Mathematics,,,
xxxiii.lawyer,available,56,2%,6,Mathematics,,,
maledict.lawyer,available,56,1%,8,Religion,,,
ilx.lawyer,available,56,6%,3,Mathematics,,,
xxxvii.lawyer,available,56,2%,6,Mathematics,,,
xxxviii.lawyer,available,56,1%,7,Mathematics,,,
xxviii.lawyer,available,56,1%,6,Mathematics,,,
xxvii.lawyer,available,56,3%,5,Mathematics,,,
fiftyfour.lawyer,available,56,4%,10,Mathematics,,,
xxiv.lawyer,available,56,5%,4,Mathematics,,,
admittible.lawyer,available,56,1%,10,"Education,Healthcare,Hospitality",,,
xlvii.lawyer,available,56,2%,5,Mathematics,,,
addled.lawyer,available,56,2%,6,Entertainment,,,
fiftytwo.lawyer,available,56,6%,9,Mathematics,,,
fortysix.lawyer,available,56,4%,9,Mathematics,,,
lii.lawyer,available,56,7%,3,Mathematics,,,
terzetto.lawyer,available,56,3%,8,Arts,,,
xlii.lawyer,available,56,5%,4,Mathematics,,,
xliv.lawyer,available,56,3%,4,Mathematics,,,
xliii.lawyer,available,56,1%,5,Mathematics,,,
fiftyone.lawyer,available,56,8%,9,Mathematics,,,
lvi.lawyer,available,56,8%,3,Mathematics,,,
aone.lawyer,available,56,15%,5,Food and Beverage,,,
fiftynine.lawyer,available,56,4%,10,Mathematics,,,
thirtytwo.lawyer,available,56,4%,10,Mathematics,,,
liii.lawyer,available,56,4%,4,Mathematics,,,
xxix.lawyer,available,56,4%,4,Mathematics,,,
xxxvi.lawyer,available,56,1%,5,Mathematics,,,
fortyone.lawyer,available,56,5%,9,Mathematics,,,
xxxv.lawyer,available,56,4%,4,Mathematics,,,
xli.lawyer,available,56,5%,3,Mathematics,,,
xlv.lawyer,available,56,6%,3,Mathematics,,,
fiftysix.lawyer,available,56,4%,9,Mathematics,,,
xlviii.lawyer,available,56,1%,6,Mathematics,,,
fiftyfive.lawyer,available,56,8%,10,Mathematics,,,
fortynine.lawyer,available,56,3%,10,Mathematics,,,
potbellied.lawyer,available,56,0%,10,"Health and Fitness,Medicine",,,
accoutered.lawyer,available,56,0%,10,"Fashion,Manufacturing,Retail",,,
xxxii.lawyer,available,56,1%,5,Mathematics,,,
xxxi.lawyer,available,56,8%,4,Mathematics,,,
xxiii.lawyer,available,56,4%,5,Mathematics,,,
admissive.lawyer,available,56,1%,9,"Education,Healthcare,Hospitality",,,
lviii.lawyer,available,56,1%,5,Mathematics,,,
halfdozen.lawyer,available,56,1%,10,Mathematics,,,
thirtysix.lawyer,available,56,5%,10,Mathematics,,,
appressed.lawyer,available,56,0%,9,"Agriculture,Manufacturing,Retail",,,
abdominous.lawyer,available,56,0%,10,"Health and Fitness,Medicine",,,
triad.lawyer,available,56,15%,5,Arts,,,
xxxiv.lawyer,available,56,1%,5,Mathematics,,,
accursed.lawyer,available,54,3%,8,"Entertainment,Media,Religion",,,
quaternity.lawyer,available,54,4%,10,Mathematics,,,
actuated.lawyer,available,54,2%,8,"Automotive,Manufacturing,Technology",,,
ternion.lawyer,available,54,3%,7,Mathematics,,,
achromatic.lawyer,available,54,4%,10,Science,,,
twoscore.lawyer,available,54,2%,8,Mathematics,,,
sise.lawyer,available,54,5%,4,Mathematics,,,
monitory.lawyer,available,54,3%,8,"Business,Education,Healthcare",,,
quatern.lawyer,available,54,2%,7,Mathematics,,,
abhorrent.lawyer,available,54,1%,9,Humanities,,,
aboral.lawyer,available,54,2%,6,Science,,,
unnatural.lawyer,available,54,4%,9,"Medicine,Science",,,
deuceace.lawyer,available,54,1%,9,Sports,,,
acoustical.lawyer,available,54,4%,10,Science,,,
abient.lawyer,available,54,1%,6,Science,,,
quintuplet.lawyer,available,54,1%,10,"Healthcare,Medicine,Science",,,
accentual.lawyer,available,54,3%,9,"Arts,Entertainment",,,
viii.lawyer,available,54,6%,4,Mathematics,,,
topnotch.lawyer,available,54,18%,8,Business,,,
quadruplet.lawyer,available,54,1%,10,"Healthcare,Medicine,Science",,,
adducting.lawyer,available,54,1%,9,"Engineering,Mathematics,Science",,,
deserted.lawyer,available,54,3%,8,"Hospitality,Real Estate",,,
adductive.lawyer,available,54,0%,9,"Engineering,Mathematics,Science",,,
achy.lawyer,available,54,3%,4,Healthcare,,,
quaternion.lawyer,available,54,6%,10,Mathematics,,,
adducent.lawyer,available,54,1%,8,"Engineering,Mathematics,Science",,,
fortyfive.lawyer,available,54,5%,10,Mathematics,,,
abducens.lawyer,available,54,1%,8,Medicine,,,
fin.lawyer,available,54,30%,3,Finance,,,
adaxial.lawyer,available,54,2%,7,Science,,,
abaxial.lawyer,available,54,1%,7,Science,,,
abatable.lawyer,available,54,1%,8,Law,,,
adpressed.lawyer,available,54,0%,9,"Agriculture,Manufacturing,Retail",,,
vii.lawyer,available,54,13%,3,Mathematics,,,
scratchy.lawyer,available,54,3%,8,Fashion,,,
admonitory.lawyer,available,54,0%,10,"Business,Education,Healthcare",,,
abasic.lawyer,available,54,1%,6,Science,,,
iii.lawyer,available,54,24%,3,Mathematics,,,
adjuratory.lawyer,available,54,0%,10,"Law,Politics,Religion",,,
threescore.lawyer,available,54,2%,10,Mathematics,,,
abatic.lawyer,available,54,1%,6,Science,,,
septet.lawyer,available,53,1%,6,General,,,
sestet.lawyer,available,53,1%,6,Arts,,,
xxx.lawyer,available,53,30%,3,"Arts,Entertainment,Media",,,
lxxxvii.lawyer,available,52,1%,7,Mathematics,,,
lxii.lawyer,available,52,2%,4,Mathematics,,,
lxxxi.lawyer,available,52,1%,5,Mathematics,,,
abysmal.lawyer,available,52,4%,7,"Arts,Entertainment,Media",,,
abusive.lawyer,available,52,3%,7,"Healthcare,Law",,,
ixc.lawyer,available,52,5%,3,Mathematics,,,
sixtysix.lawyer,available,52,5%,9,Mathematics,,,
ablated.lawyer,available,52,1%,7,Science,,,
eightytwo.lawyer,available,52,4%,10,Mathematics,,,
ixl.lawyer,available,52,9%,3,Mathematics,,,
uphill.lawyer,available,52,7%,6,"Sports,Transportation,Travel",,,
lxxvi.lawyer,available,52,1%,5,Mathematics,,,
sixtyfour.lawyer,available,52,4%,10,Mathematics,,,
lxxv.lawyer,available,52,2%,4,Mathematics,,,
lxxiv.lawyer,available,52,1%,5,Mathematics,,,
xciv.lawyer,available,52,2%,4,Mathematics,,,
lxiv.lawyer,available,52,3%,4,Mathematics,,,
xci.lawyer,available,52,4%,3,Mathematics,,,
lxxxiii.lawyer,available,52,1%,7,Mathematics,,,
eightyone.lawyer,available,52,3%,10,Mathematics,,,
littlejoe.lawyer,available,52,2%,10,"Entertainment,Media",,,
adenoidal.lawyer,available,52,1%,9,"Health and Fitness,Medicine,Science",,,
xcvi.lawyer,available,52,2%,4,Mathematics,,,
lxxxv.lawyer,available,52,1%,5,Mathematics,,,
xcviii.lawyer,available,52,1%,6,Mathematics,,,
repulsive.lawyer,available,52,1%,9,Humanities,,,
ninetytwo.lawyer,available,52,4%,10,Mathematics,,,
lxxii.lawyer,available,52,1%,5,Mathematics,,,
ninetyone.lawyer,available,52,5%,10,Mathematics,,,
tierce.lawyer,available,52,3%,6,General,,,
ninetysix.lawyer,available,52,4%,10,Mathematics,,,
abstruse.lawyer,available,52,5%,8,"Humanities,Mathematics,Science",,,
odious.lawyer,available,52,2%,6,"Entertainment,Humanities",,,
lxxxii.lawyer,available,52,1%,6,Mathematics,,,
lxv.lawyer,available,52,5%,3,Mathematics,,,
lxxxvi.lawyer,available,52,1%,6,Mathematics,,,
decumbent.lawyer,available,52,1%,9,"Healthcare,Medicine,Science",,,
xcvii.lawyer,available,52,1%,5,Mathematics,,,
sixtytwo.lawyer,available,52,3%,9,Mathematics,,,
lxvi.lawyer,available,52,3%,4,Mathematics,,,
lxxi.lawyer,available,52,2%,4,Mathematics,,,
chagrined.lawyer,available,52,1%,9,Humanities,,,
lxi.lawyer,available,52,5%,3,Mathematics,,,
abominable.lawyer,available,52,2%,10,"Entertainment,Humanities",,,
aboulic.lawyer,available,52,1%,7,Medicine,,,
xcv.lawyer,available,52,7%,3,Mathematics,,,
lxxvii.lawyer,available,52,2%,6,Mathematics,,,
repugnant.lawyer,available,52,1%,9,Humanities,,,
lxxxiv.lawyer,available,52,1%,6,Mathematics,,,
lxviii.lawyer,available,52,2%,6,Mathematics,,,
sixtyfive.lawyer,available,52,3%,10,Mathematics,,,
lxvii.lawyer,available,52,1%,5,Mathematics,,,
xciii.lawyer,available,52,1%,5,Mathematics,,,
detestable.lawyer,available,52,1%,10,Humanities,,,
xcii.lawyer,available,52,2%,4,Mathematics,,,
lxxiii.lawyer,available,52,2%,6,Mathematics,,,
lxiii.lawyer,available,52,2%,5,Mathematics,,,
acerb.lawyer,available,50,2%,5,Science,,,
scummy.lawyer,available,50,1%,6,Humanities,,,
quint.lawyer,available,50,13%,5,"Arts,Entertainment",,,
vinegary.lawyer,available,50,1%,8,Food and Beverage,,,
broached.lawyer,available,50,0%,8,Food and Beverage,,,
abranchial.lawyer,available,50,0%,10,Science,,,
ogdoad.lawyer,available,50,1%,6,Mathematics,,,
spinous.lawyer,available,50,1%,7,"Agriculture,Science",,,
lxx.lawyer,available,50,5%,3,Mathematics,,,
trine.lawyer,available,50,11%,5,"General,Religion",,,
acellular.lawyer,available,50,1%,9,Science,,,
triplet.lawyer,available,50,8%,7,Science,,,
gillless.lawyer,available,50,0%,9,Science,,,
aculeated.lawyer,available,50,0%,9,"Engineering,Medicine,Science",,,
abdicable.lawyer,available,50,0%,9,Law,,,
needlelike.lawyer,available,50,0%,10,"Engineering,Medicine,Science",,,
cinque.lawyer,available,50,7%,6,Mathematics,,,
abomasal.lawyer,available,50,0%,8,Agriculture,,,
acetous.lawyer,available,50,1%,7,Science,,,
abactinal.lawyer,available,50,0%,9,Science,,,
abducting.lawyer,available,50,0%,9,Medicine,,,
acetose.lawyer,available,50,1%,7,Science,,,
acapnotic.lawyer,available,50,0%,9,"Healthcare,Medicine,Science",,,
adactylous.lawyer,available,50,0%,10,Science,,,
aborticide.lawyer,available,50,0%,10,Medicine,,,
acaudal.lawyer,available,50,1%,7,"Agriculture,Science",,,
adhominem.lawyer,available,50,2%,10,"Humanities,Law,Politics",,,
acerbic.lawyer,available,50,2%,7,"Arts,Humanities,Media",,,
acapnic.lawyer,available,50,0%,7,"Healthcare,Medicine,Science",,,
abbatial.lawyer,available,50,0%,8,Religion,,,
acerose.lawyer,available,50,1%,7,Science,,,
abyssal.lawyer,available,48,12%,7,"Arts,Entertainment,Media",,,
apriori.lawyer,available,48,13%,8,Mathematics,,,
ilxx.lawyer,available,48,1%,4,Mathematics,,,
ilxxx.lawyer,available,48,1%,5,Mathematics,,,
execrable.lawyer,available,48,0%,9,"Entertainment,Humanities",,,
lxxxviii.lawyer,available,48,1%,8,Mathematics,,,
abstracted.lawyer,available,48,5%,10,"Arts,Humanities,Science",,,
achromic.lawyer,available,46,2%,8,Science,,,
acheronian.lawyer,available,46,1%,10,Humanities,,,
acetonic.lawyer,available,46,1%,8,Science,,,
stripling.lawyer,available,46,2%,9,"Education,Entertainment,Healthcare",,,
theabsurd.lawyer,available,46,1%,10,"Arts,Entertainment,Media",,,
acetabular.lawyer,available,46,1%,10,Science,,,
quaternary.lawyer,available,46,3%,10,Mathematics,,,
acanthoid.lawyer,available,46,1%,9,"Agriculture,Science",,,
acetylenic.lawyer,available,46,1%,10,Science,,,
vinegarish.lawyer,available,46,1%,10,Food and Beverage,,,
achromous.lawyer,available,46,1%,9,Science,,,
acicular.lawyer,available,46,2%,8,Science,,,
acanthotic.lawyer,available,46,0%,10,"Agriculture,Science",,,
achenial.lawyer,available,46,1%,8,Science,,,
stemless.lawyer,available,46,2%,8,"Agriculture,Science",,,
acapnial.lawyer,available,46,0%,8,"Healthcare,Medicine,Science",,,
cotyloid.lawyer,available,46,1%,8,Science,,,
acephalous.lawyer,available,46,1%,10,Science,,,
acarpous.lawyer,available,46,0%,8,"Agriculture,Science",,,
acetylic.lawyer,available,46,1%,8,Science,,,
acaudate.lawyer,available,46,1%,8,"Agriculture,Science",,,
acanthous.lawyer,available,46,0%,9,"Agriculture,Science",,,
acarpelous.lawyer,available,46,0%,10,"Agriculture,Science",,,
cotyloidal.lawyer,available,44,1%,10,Science,,,
acherontic.lawyer,available,44,1%,10,Humanities,,,
accusatory.lawyer,available,44,1%,10,Law,,,
phoebe.lawyer,available,41,14%,6,Science,,,
abscessed.lawyer,available,41,0%,9,Healthcare,,,
accurst.lawyer,available,40,1%,7,Religion,,,
accusive.lawyer,available,40,1%,8,Law,,,
scurrilous.lawyer,available,40,1%,10,"Entertainment,Media,Politics",,,